authorlink,authorname,title,url
https://www.theverge.com/authors/sheena-vasani,Sheena Vasani,The best ebook reader to buy right now,https://www.theverge.com/23769068/best-ebook-readers
https://www.theverge.com/authors/sheena-vasani,Sheena Vasani,The best instant cameras you can buy right now,https://www.theverge.com/23133103/best-instant-cameras-fujifilm-polaroid-kodak
https://www.theverge.com/authors/sheena-vasani,Sheena Vasani,Here are the best AirPods deals you can get right now,https://www.theverge.com/21302051/best-apple-airpods-deals
https://www.theverge.com/authors/jennifer-tuohy,Jennifer Pattison Tuohy,The best robot vacuums,https://www.theverge.com/22997597/best-robot-vacuum-cleaner
https://www.theverge.com/authors/brandon-widder,Brandon Widder,Here are the best iPad deals right now,https://www.theverge.com/21280354/best-ipad-deals-apple
https://www.theverge.com/authors/sheena-vasani,Sheena Vasani,Here are the best robot vacuum deals right now,https://www.theverge.com/24350561/best-robot-vacuum-mop-irobot-roomba-eufy-roborock-deals-sale
https://www.theverge.com/authors/victoria-song,Victoria Song,The best Garmin watches for training and everyday life,https://www.theverge.com/23691498/best-garmin-smartwatch-fitness-tracker-wearables
https://www.theverge.com/authors/allison-johnson,Allison Johnson,The best budget smartphone you can buy,https://www.theverge.com/21420196/best-budget-smartphone-cheap
https://www.theverge.com/authors/sheena-vasani,Sheena Vasani,The best deals on MacBooks right now,https://www.theverge.com/22399419/apple-macbook-air-pro-mac-mini-imac-deals
https://www.theverge.com/authors/david-pierce,David Pierce,The best iPad to buy,https://www.theverge.com/23639378/best-ipad-apple-buy-model-price
https://www.theverge.com/authors/chris-welch,Chris Welch,The best wireless earbuds to buy right now,https://www.theverge.com/21309820/best-wireless-earbuds
https://www.theverge.com/authors/victoria-song,Victoria Song,The best Bluetooth trackers for finding your stuff,https://www.theverge.com/23769840/best-bluetooth-trackers
https://www.theverge.com/authors/victoria-song,Victoria Song,The best fitness trackers to buy right now,https://www.theverge.com/22985108/best-fitness-tracker
https://www.theverge.com/authors/allison-johnson,Allison Johnson,The best phone to buy right now,https://www.theverge.com/22163811/best-phone
https://www.theverge.com/authors/quentyn-kennemer,Quentyn Kennemer,The DJI Pocket 3 is almost everything I wanted my iPhone camera to be,https://www.theverge.com/24152949/dji-osmo-pocket-3-opinion
https://www.theverge.com/authors/vjeran-pavic,Vjeran Pavic,Sigma BF review: the perfect camera for a minimalist,https://www.theverge.com/camera-review/628519/sigma-bf-camera-review-photography-specs
https://www.theverge.com/authors/victoria-song,Victoria Song,I outsourced my memory to an AI pin and all I got was fanfiction,https://www.theverge.com/reviews/627056/bee-review-ai-wearable
https://www.theverge.com/authors/jay-peters,Jay Peters,Google is officially dumping Assistant for Gemini,https://www.theverge.com/news/629904/google-assistant-gemini-moving-on
https://www.theverge.com/authors/chris-welch,Chris Welch,Leaked Apple meeting shows how dire the Siri situation really is,https://www.theverge.com/news/629940/apple-siri-robby-walker-delayed-ai-features
https://www.theverge.com/authors/jess-weatherbed,Jess Weatherbed,Apple will soon support encrypted RCS messaging with Android users,https://www.theverge.com/news/629620/apple-iphone-e2ee-encryption-rcs-messaging-android
https://www.theverge.com/authors/mia-sato,Mia Sato,Tesla registrations — and public opinion — are in a free fall,https://www.theverge.com/news/629667/tesla-elon-musk-donald-trump-doge-polling-data
https://www.theverge.com/authors/sean-hollister,Sean Hollister,Hear what Horizon Zero Dawn actor Ashly Burch thinks about Sony AI taking her job,https://www.theverge.com/news/630176/ashly-burch-sony-ai-horizon-aloy-tech-demo-sag-aftra-strike
